Date,Revenue,final_model_prediction,yesterday_baseline,final_model_error,final_model_abs_error,baseline_error,baseline_abs_error,final_model_better_than_baseline
2021-12-13,1112918.62,1374343.0159903558,1285064.15,-261424.39599035564,261424.39599035564,-172145.5299999998,172145.5299999998,False
2021-12-14,1821860.68,1241871.0967617773,1112918.62,579989.5832382226,579989.5832382226,708942.0599999998,708942.0599999998,True
2021-12-15,1773908.51,1404786.6488140365,1821860.68,369121.8611859635,369121.8611859635,-47952.169999999925,47952.169999999925,False
2021-12-16,1771984.63,1461267.1800400894,1773908.51,310717.4499599105,310717.4499599105,-1923.880000000121,1923.880000000121,False
2021-12-17,1463605.82,1684931.6279869534,1771984.63,-221325.8079869533,221325.8079869533,-308378.8099999998,308378.8099999998,True
2021-12-18,1214550.47,1374766.5727019499,1463605.82,-160216.1027019499,160216.1027019499,-249055.3500000001,249055.3500000001,True
2021-12-19,1546435.59,1718435.1955539398,1214550.47,-171999.6055539397,171999.6055539397,331885.1200000001,331885.1200000001,True
2021-12-20,1676753.39,1569670.948061817,1546435.59,107082.4419381828,107082.4419381828,130317.79999999981,130317.79999999981,True
2021-12-21,2017237.85,1763999.7801296453,1676753.39,253238.06987035484,253238.06987035484,340484.4600000002,340484.4600000002,True
2021-12-22,2327738.57,2052659.7034970024,2017237.85,275078.86650299747,275078.86650299747,310500.71999999974,310500.71999999974,True
2021-12-23,2415914.18,1884806.842669858,2327738.57,531107.3373301423,531107.3373301423,88175.61000000034,88175.61000000034,False
2021-12-24,1448810.25,1639415.5688878305,2415914.18,-190605.31888783048,190605.31888783048,-967103.9300000002,967103.9300000002,True
2021-12-25,1120986.7,1555575.645975489,1448810.25,-434588.945975489,434588.945975489,-327823.55000000005,327823.55000000005,False
2021-12-26,1317218.46,1551679.5071909148,1120986.7,-234461.04719091486,234461.04719091486,196231.76,196231.76,False
2021-12-27,1025037.51,2139975.0078080683,1317218.46,-1114937.4978080683,1114937.4978080683,-292180.94999999995,292180.94999999995,False
2021-12-28,1855064.19,2886503.139032398,1025037.51,-1031438.9490323979,1031438.9490323979,830026.6799999999,830026.6799999999,False
2021-12-29,4065184.9,3146504.1160866166,1855064.19,918680.7839133833,918680.7839133833,2210120.71,2210120.71,True
2021-12-30,3842586.5,3830286.864374859,4065184.9,12299.635625141207,12299.635625141207,-222598.3999999999,222598.3999999999,True
2021-12-31,3041203.79,3093638.37764731,3842586.5,-52434.58764730999,52434.58764730999,-801382.71,801382.71,True
2022-01-01,2932155.47,1844390.6505638435,3041203.79,1087764.8194361567,1087764.8194361567,-109048.31999999983,109048.31999999983,False
2022-01-02,2361965.0,1430085.1679296189,2932155.47,931879.8320703811,931879.8320703811,-570190.4700000002,570190.4700000002,False
2022-01-03,545563.72,1378328.7285972596,2361965.0,-832765.0085972596,832765.0085972596,-1816401.28,1816401.28,True
2022-01-04,1242319.38,1022220.2595686032,545563.72,220099.12043139664,220099.12043139664,696755.6599999999,696755.6599999999,True
2022-01-05,809977.6,1070291.3435264719,1242319.38,-260313.7435264719,260313.7435264719,-432341.7799999999,432341.7799999999,True
2022-01-06,993048.62,1010008.7622068045,809977.6,-16960.142206804478,16960.142206804478,183071.02000000002,183071.02000000002,True
2022-01-07,1294963.64,1206115.829029547,993048.62,88847.81097045285,88847.81097045285,301915.0199999999,301915.0199999999,True
2022-01-08,1641747.05,1177248.8980729254,1294963.64,464498.15192707465,464498.15192707465,346783.41000000015,346783.41000000015,False
2022-01-09,1706485.37,1752343.9103287153,1641747.05,-45858.54032871523,45858.54032871523,64738.320000000065,64738.320000000065,True
2022-01-10,2569113.21,1494741.6016013015,1706485.37,1074371.6083986985,1074371.6083986985,862627.8399999999,862627.8399999999,False
2022-01-11,1640806.35,1885722.961109699,2569113.21,-244916.6111096989,244916.6111096989,-928306.8599999999,928306.8599999999,True
2022-01-12,1775526.5,1411437.8860025583,1640806.35,364088.6139974417,364088.6139974417,134720.1499999999,134720.1499999999,False
2022-01-13,1173172.99,1521442.3092215504,1775526.5,-348269.31922155037,348269.31922155037,-602353.51,602353.51,True
2022-01-14,1548726.82,1602488.7708476488,1173172.99,-53761.95084764878,53761.95084764878,375553.8300000001,375553.8300000001,True
2022-01-15,1461990.71,1610489.218490156,1548726.82,-148498.50849015615,148498.50849015615,-86736.1100000001,86736.1100000001,False
2022-01-16,2064339.13,1792364.7535690381,1461990.71,271974.37643096177,271974.37643096177,602348.4199999999,602348.4199999999,True
2022-01-17,1621773.2,2153464.326905626,2064339.13,-531691.1269056259,531691.1269056259,-442565.92999999993,442565.92999999993,False
2022-01-18,1861205.18,1712483.1588997508,1621773.2,148722.02110024914,148722.02110024914,239431.97999999998,239431.97999999998,True
2022-01-19,2020862.53,1742394.5559001488,1861205.18,278467.9740998512,278467.9740998512,159657.3500000001,159657.3500000001,False
2022-01-20,1249233.56,1667255.579553241,2020862.53,-418022.01955324085,418022.01955324085,-771628.97,771628.97,True
2022-01-21,1580948.85,1713670.1995308793,1249233.56,-132721.34953087918,132721.34953087918,331715.29000000004,331715.29000000004,True
2022-01-22,1758593.8,1772027.3449605298,1580948.85,-13433.544960529776,13433.544960529776,177644.94999999995,177644.94999999995,True
2022-01-23,1785338.17,2134893.432092618,1758593.8,-349555.2620926183,349555.2620926183,26744.36999999988,26744.36999999988,False
2022-01-24,1915906.28,1804763.1313668843,1785338.17,111143.14863311569,111143.14863311569,130568.1100000001,130568.1100000001,True
2022-01-25,2471179.3,1980457.4416276086,1915906.28,490721.8583723912,490721.8583723912,555273.0199999998,555273.0199999998,True
2022-01-26,2278973.82,2563641.334520077,2471179.3,-284667.51452007703,284667.51452007703,-192205.47999999998,192205.47999999998,False
2022-01-27,1604489.99,2408435.0766692488,2278973.82,-803945.0866692488,803945.0866692488,-674483.8299999998,674483.8299999998,False
2022-01-28,2792317.48,2114615.8900869186,1604489.99,677701.5899130814,677701.5899130814,1187827.49,1187827.49,True
2022-01-29,3897632.5,2580971.246957422,2792317.48,1316661.2530425782,1316661.2530425782,1105315.02,1105315.02,False
2022-01-30,3903300.55,3783055.178842488,3897632.5,120245.3711575116,120245.3711575116,5668.049999999814,5668.049999999814,False
2022-01-31,3159829.55,3048530.186782971,3903300.55,111299.36321702879,111299.36321702879,-743471.0,743471.0,True
2022-02-01,3672475.88,2313666.38259038,3159829.55,1358809.4974096199,1358809.4974096199,512646.3300000001,512646.3300000001,False
2022-02-02,3072419.17,2153837.095775415,3672475.88,918582.0742245847,918582.0742245847,-600056.71,600056.71,False
2022-02-03,1056919.3,1620418.0011850938,3072419.17,-563498.7011850937,563498.7011850937,-2015499.8699999999,2015499.8699999999,True
2022-02-04,1135262.35,1515357.5330312042,1056919.3,-380095.18303120416,380095.18303120416,78343.05000000005,78343.05000000005,False
2022-02-05,1325806.77,1614634.0706193591,1135262.35,-288827.3006193591,288827.3006193591,190544.41999999993,190544.41999999993,False
2022-02-06,1360544.32,1732158.8305393627,1325806.77,-371614.5105393627,371614.5105393627,34737.55000000005,34737.55000000005,False
2022-02-07,1777072.87,1749862.4525209635,1360544.32,27210.41747903661,27210.41747903661,416528.55000000005,416528.55000000005,True
2022-02-08,2324022.32,1852734.050916517,1777072.87,471288.2690834829,471288.2690834829,546949.4499999997,546949.4499999997,True
2022-02-09,2087968.13,2348074.5124229733,2324022.32,-260106.3824229734,260106.3824229734,-236054.18999999994,236054.18999999994,False
2022-02-10,1681958.09,1781655.0095933839,2087968.13,-99696.91959338379,99696.91959338379,-406010.0399999998,406010.0399999998,True
2022-02-11,1868277.55,1879321.8705255683,1681958.09,-11044.320525568211,11044.320525568211,186319.45999999996,186319.45999999996,True
2022-02-12,2483675.48,2123117.570920416,1868277.55,360557.9090795838,360557.9090795838,615397.9299999999,615397.9299999999,True
2022-02-13,2471088.82,2076131.467225998,2483675.48,394957.3527740019,394957.3527740019,-12586.660000000149,12586.660000000149,False
2022-02-14,2477651.08,2401941.3405815265,2471088.82,75709.73941847356,75709.73941847356,6562.260000000242,6562.260000000242,False
2022-02-15,2911470.49,2731702.9549354617,2477651.08,179767.53506453848,179767.53506453848,433819.41000000015,433819.41000000015,True
2022-02-16,3189077.73,2781002.50948436,2911470.49,408075.22051564,408075.22051564,277607.23999999976,277607.23999999976,False
2022-02-17,2365001.98,2453563.959718323,3189077.73,-88561.97971832287,88561.97971832287,-824075.75,824075.75,True
2022-02-18,2218074.92,2696311.5310687674,2365001.98,-478236.6110687675,478236.6110687675,-146927.06000000006,146927.06000000006,False
2022-02-19,2497284.24,2575318.2136534792,2218074.92,-78033.97365347901,78033.97365347901,279209.3200000003,279209.3200000003,True
2022-02-20,3274514.0,2678210.976698293,2497284.24,596303.0233017071,596303.0233017071,777229.7599999998,777229.7599999998,True
2022-02-21,3231879.49,2822249.4136661603,3274514.0,409630.0763338399,409630.0763338399,-42634.50999999978,42634.50999999978,False
2022-02-22,3646117.64,3455978.0716901696,3231879.49,190139.5683098305,190139.5683098305,414238.1499999999,414238.1499999999,True
2022-02-23,3297595.34,3578745.610265771,3646117.64,-281150.2702657711,281150.2702657711,-348522.3000000003,348522.3000000003,True
2022-02-24,2768850.97,2996064.934684217,3297595.34,-227213.96468421677,227213.96468421677,-528744.3699999996,528744.3699999996,True
2022-02-25,2943786.98,3210416.090783256,2768850.97,-266629.1107832561,266629.1107832561,174936.00999999978,174936.00999999978,False
2022-02-26,6304749.98,3541459.49386525,2943786.98,2763290.4861347503,2763290.4861347503,3360963.0000000005,3360963.0000000005,True
2022-02-27,5652340.75,5135470.762464769,6304749.98,516869.9875352308,516869.9875352308,-652409.2300000004,652409.2300000004,True
2022-02-28,6007208.86,4367837.900395775,5652340.75,1639370.9596042251,1639370.9596042251,354868.11000000034,354868.11000000034,False
2022-03-01,4532724.33,4997183.33538628,6007208.86,-464459.0053862799,464459.0053862799,-1474484.5300000003,1474484.5300000003,True
2022-03-02,5221766.09,2820125.9921749816,4532724.33,2401640.097825018,2401640.097825018,689041.7599999998,689041.7599999998,False
2022-03-03,1113577.08,2955163.866190667,5221766.09,-1841586.7861906667,1841586.7861906667,-4108189.01,4108189.01,True
2022-03-04,1265611.41,1652113.5997761746,1113577.08,-386502.1897761747,386502.1897761747,152034.32999999984,152034.32999999984,False
2022-03-05,1917604.21,2143443.0633715666,1265611.41,-225838.85337156663,225838.85337156663,651992.8,651992.8,True
2022-03-06,2406752.08,2368727.185073485,1917604.21,38024.89492651494,38024.89492651494,489147.8700000001,489147.8700000001,True
2022-03-07,3077438.94,2570551.946262649,2406752.08,506886.99373735115,506886.99373735115,670686.8599999999,670686.8599999999,True
2022-03-08,3777839.97,2993771.4990675226,3077438.94,784068.4709324776,784068.4709324776,700401.0300000003,700401.0300000003,False
2022-03-09,4138590.91,3572048.8703423794,3777839.97,566542.0396576207,566542.0396576207,360750.93999999994,360750.93999999994,False
2022-03-10,3544992.79,3569450.296780141,4138590.91,-24457.506780141033,24457.506780141033,-593598.1200000001,593598.1200000001,True
2022-03-11,3499825.21,2901112.2384842816,3544992.79,598712.9715157184,598712.9715157184,-45167.580000000075,45167.580000000075,False
2022-03-12,3731020.06,3148544.1924933936,3499825.21,582475.8675066065,582475.8675066065,231194.8500000001,231194.8500000001,False
2022-03-13,4026635.22,3828359.10568068,3731020.06,198276.1143193203,198276.1143193203,295615.16000000015,295615.16000000015,True
2022-03-14,4709281.9,3891862.3997461526,4026635.22,817419.5002538478,817419.5002538478,682646.6800000002,682646.6800000002,False
2022-03-15,4619237.89,4506414.84586692,4709281.9,112823.04413307924,112823.04413307924,-90044.01000000071,90044.01000000071,False
2022-03-16,4519934.96,4331732.056395864,4619237.89,188202.90360413585,188202.90360413585,-99302.9299999997,99302.9299999997,False
2022-03-17,5222281.22,3929980.4045367064,4519934.96,1292300.8154632933,1292300.8154632933,702346.2599999998,702346.2599999998,False
2022-03-18,4426435.98,4072184.9374369704,5222281.22,354251.04256303003,354251.04256303003,-795845.2399999993,795845.2399999993,True
2022-03-19,4313906.61,4220900.661538994,4426435.98,93005.9484610064,93005.9484610064,-112529.37000000011,112529.37000000011,True
2022-03-20,4198964.15,4190410.0804697983,4313906.61,8554.069530202076,8554.069530202076,-114942.45999999996,114942.45999999996,True
2022-03-21,4036051.82,4640106.261118598,4198964.15,-604054.4411185984,604054.4411185984,-162912.33000000054,162912.33000000054,False
2022-03-22,4626820.15,4613539.704588826,4036051.82,13280.445411174558,13280.445411174558,590768.3300000005,590768.3300000005,True
2022-03-23,5301842.45,4458205.369597499,4626820.15,843637.0804025009,843637.0804025009,675022.2999999998,675022.2999999998,False
2022-03-24,5052034.89,4846286.555345626,5301842.45,205748.33465437405,205748.33465437405,-249807.56000000052,249807.56000000052,True
2022-03-25,4122489.22,4850698.510905044,5052034.89,-728209.290905044,728209.290905044,-929545.6699999995,929545.6699999995,True
2022-03-26,4325007.4,4581298.746111645,4122489.22,-256291.346111645,256291.346111645,202518.18000000017,202518.18000000017,False
2022-03-27,5169170.11,4994388.705819956,4325007.4,174781.4041800443,174781.4041800443,844162.71,844162.71,True
2022-03-28,4855258.01,5024464.287843418,5169170.11,-169206.27784341853,169206.27784341853,-313912.10000000056,313912.10000000056,True
2022-03-29,4908504.49,6186859.756841842,4855258.01,-1278355.2668418419,1278355.2668418419,53246.48000000045,53246.48000000045,False
2022-03-30,11643208.73,8771287.938704042,4908504.49,2871920.7912959587,2871920.7912959587,6734704.24,6734704.24,True
2022-03-31,9233141.0,10235523.039656501,11643208.73,-1002382.0396565013,1002382.0396565013,-2410067.7300000004,2410067.7300000004,True
2022-04-01,8299060.74,8783077.095583783,9233141.0,-484016.35558378324,484016.35558378324,-934080.2599999998,934080.2599999998,True
2022-04-02,8289456.22,6714367.354628926,8299060.74,1575088.8653710736,1575088.8653710736,-9604.520000000484,9604.520000000484,False
2022-04-03,6547965.12,7138826.41486173,8289456.22,-590861.2948617302,590861.2948617302,-1741491.0999999996,1741491.0999999996,True
2022-04-04,1974536.55,2392056.8570278687,6547965.12,-417520.3070278687,417520.3070278687,-4573428.57,4573428.57,True
2022-04-05,3017582.3,2375419.036748769,1974536.55,642163.2632512306,642163.2632512306,1043045.7499999998,1043045.7499999998,True
2022-04-06,2934004.6,3457345.9818621525,3017582.3,-523341.38186215237,523341.38186215237,-83577.69999999972,83577.69999999972,False
2022-04-07,1947894.58,3452123.6596803013,2934004.6,-1504229.0796803012,1504229.0796803012,-986110.02,986110.02,False
2022-04-08,2516364.3,2382392.6140169688,1947894.58,133971.68598303106,133971.68598303106,568469.7199999997,568469.7199999997,True
2022-04-09,3523261.24,3069623.1719934377,2516364.3,453638.06800656253,453638.06800656253,1006896.9400000004,1006896.9400000004,True
2022-04-10,3747690.93,3609121.9133325294,3523261.24,138569.0166674708,138569.0166674708,224429.68999999994,224429.68999999994,True
2022-04-11,4187283.4,3308021.3337014453,3747690.93,879262.0662985547,879262.0662985547,439592.46999999974,439592.46999999974,False
2022-04-12,4300020.35,3722640.084666056,4187283.4,577380.2653339435,577380.2653339435,112736.94999999972,112736.94999999972,False
2022-04-13,4888627.31,3759220.5324718207,4300020.35,1129406.7775281789,1129406.7775281789,588606.96,588606.96,False
2022-04-14,4670014.27,4001263.1957022296,4888627.31,668751.0742977699,668751.0742977699,-218613.04000000004,218613.04000000004,False
2022-04-15,4908291.49,3905487.3157571233,4670014.27,1002804.1742428769,1002804.1742428769,238277.22000000067,238277.22000000067,False
2022-04-16,5147946.06,4228476.32004988,4908291.49,919469.7399501195,919469.7399501195,239654.56999999937,239654.56999999937,False
2022-04-17,4470361.38,4194420.403635493,5147946.06,275940.97636450734,275940.97636450734,-677584.6799999997,677584.6799999997,True
2022-04-18,3680888.01,4234081.2862542765,4470361.38,-553193.2762542767,553193.2762542767,-789473.3700000001,789473.3700000001,True
2022-04-19,4426735.65,4857377.351629202,3680888.01,-430641.7016292019,430641.7016292019,745847.6400000006,745847.6400000006,True
2022-04-20,4874458.71,5337093.57363299,4426735.65,-462634.86363299005,462634.86363299005,447723.0599999996,447723.0599999996,False
2022-04-21,2926459.0,4889861.317901384,4874458.71,-1963402.317901384,1963402.317901384,-1947999.71,1947999.71,False
2022-04-22,4609506.19,3946630.4225916634,2926459.0,662875.767408337,662875.767408337,1683047.1900000004,1683047.1900000004,True
2022-04-23,4709847.04,4776676.256814406,4609506.19,-66829.21681440622,66829.21681440622,100340.84999999963,100340.84999999963,True
2022-04-24,5020542.99,4635340.1432909295,4709847.04,385202.8467090707,385202.8467090707,310695.9500000002,310695.9500000002,False
2022-04-25,4873788.42,4390233.179893238,5020542.99,483555.2401067624,483555.2401067624,-146754.5700000003,146754.5700000003,False
2022-04-26,5688161.6,5271478.119970546,4873788.42,416683.4800294535,416683.4800294535,814373.1799999997,814373.1799999997,True
2022-04-27,5361513.76,5513938.722049093,5688161.6,-152424.9620490931,152424.9620490931,-326647.83999999985,326647.83999999985,True
2022-04-28,5590934.3,4623147.479090841,5361513.76,967786.8209091593,967786.8209091593,229420.54000000004,229420.54000000004,False
2022-04-29,7579535.07,6908292.951725848,5590934.3,671242.1182741523,671242.1182741523,1988600.7700000005,1988600.7700000005,True
2022-04-30,6592777.23,6480388.969932283,7579535.07,112388.26006771717,112388.26006771717,-986757.8399999999,986757.8399999999,True
2022-05-01,5680859.44,5776414.005998149,6592777.23,-95554.56599814817,95554.56599814817,-911917.79,911917.79,True
2022-05-02,4291036.44,3722994.3044156246,5680859.44,568042.1355843758,568042.1355843758,-1389823.0,1389823.0,True
2022-05-03,5504853.65,2753265.81672009,4291036.44,2751587.8332799105,2751587.8332799105,1213817.21,1213817.21,False
2022-05-04,1792730.62,3190078.178144509,5504853.65,-1397347.5581445089,1397347.5581445089,-3712123.0300000003,3712123.0300000003,True
2022-05-05,3556300.98,1974725.5590839195,1792730.62,1581575.4209160805,1581575.4209160805,1763570.3599999999,1763570.3599999999,True
2022-05-06,2532060.94,3277274.4043999193,3556300.98,-745213.4643999194,745213.4643999194,-1024240.04,1024240.04,True
2022-05-07,3620303.23,2875647.7001302126,2532060.94,744655.5298697874,744655.5298697874,1088242.29,1088242.29,True
2022-05-08,2468343.71,3374941.526940762,3620303.23,-906597.8169407621,906597.8169407621,-1151959.52,1151959.52,True
2022-05-09,2985986.67,2889634.9163084542,2468343.71,96351.75369154569,96351.75369154569,517642.95999999996,517642.95999999996,True
2022-05-10,3668495.19,3441716.2320123813,2985986.67,226778.95798761863,226778.95798761863,682508.52,682508.52,True
2022-05-11,4347378.73,3106144.340591273,3668495.19,1241234.3894087276,1241234.3894087276,678883.5400000005,678883.5400000005,False
2022-05-12,4753134.02,4404534.453967624,4347378.73,348599.5660323752,348599.5660323752,405755.2899999991,405755.2899999991,True
2022-05-13,3479131.38,4030252.978994216,4753134.02,-551121.598994216,551121.598994216,-1274002.6399999997,1274002.6399999997,True
2022-05-14,4406804.98,3810843.6781370123,3479131.38,595961.3018629882,595961.3018629882,927673.6000000006,927673.6000000006,True
2022-05-15,4455089.7,3774277.417017685,4406804.98,680812.2829823154,680812.2829823154,48284.71999999974,48284.71999999974,False
2022-05-16,4323621.35,3913063.762414197,4455089.7,410557.58758580266,410557.58758580266,-131468.35000000056,131468.35000000056,False
2022-05-17,4158982.96,4386956.545078829,4323621.35,-227973.58507882897,227973.58507882897,-164638.38999999966,164638.38999999966,False
2022-05-18,6094171.87,4596722.135604242,4158982.96,1497449.7343957582,1497449.7343957582,1935188.9100000001,1935188.9100000001,True
2022-05-19,5824908.18,5454581.875042078,6094171.87,370326.3049579216,370326.3049579216,-269263.6900000004,269263.6900000004,False
2022-05-20,2226534.2,4738631.986053679,5824908.18,-2512097.786053679,2512097.786053679,-3598373.9799999995,3598373.9799999995,True
2022-05-21,4033154.28,3336417.520528517,2226534.2,696736.7594714826,696736.7594714826,1806620.0799999996,1806620.0799999996,True
2022-05-22,5000275.74,4542478.48951018,4033154.28,457797.2504898198,457797.2504898198,967121.4600000004,967121.4600000004,True
2022-05-23,3647180.26,4980771.453535259,5000275.74,-1333591.193535259,1333591.193535259,-1353095.4800000004,1353095.4800000004,True
2022-05-24,4442598.36,4459664.906305865,3647180.26,-17066.54630586505,17066.54630586505,795418.1000000006,795418.1000000006,True
2022-05-25,6573956.43,5531846.765097327,4442598.36,1042109.6649026731,1042109.6649026731,2131358.0699999994,2131358.0699999994,True
2022-05-26,6284218.49,6229009.590187867,6573956.43,55208.89981213305,55208.89981213305,-289737.9399999995,289737.9399999995,True
2022-05-27,3652675.9,4831806.378475868,6284218.49,-1179130.4784758682,1179130.4784758682,-2631542.5900000003,2631542.5900000003,True
2022-05-28,3223975.84,4971586.419340286,3652675.9,-1747610.5793402866,1747610.5793402866,-428700.06000000006,428700.06000000006,False
2022-05-29,5327455.25,4628152.9186131405,3223975.84,699302.3313868595,699302.3313868595,2103479.41,2103479.41,True
2022-05-30,8158502.0,6836183.659551365,5327455.25,1322318.3404486347,1322318.3404486347,2831046.75,2831046.75,True
2022-05-31,8513166.37,7428857.357685132,8158502.0,1084309.0123148672,1084309.0123148672,354664.3699999992,354664.3699999992,False
2022-06-01,8373363.4,8428554.636427723,8513166.37,-55191.2364277225,55191.2364277225,-139802.9699999988,139802.9699999988,True
2022-06-02,8325437.52,7278369.701430074,8373363.4,1047067.8185699256,1047067.8185699256,-47925.88000000082,47925.88000000082,False
2022-06-03,6585522.44,6497312.0311256135,8325437.52,88210.40887438692,88210.40887438692,-1739915.0799999991,1739915.0799999991,True
2022-06-04,2998952.42,2739975.6544058286,6585522.44,258976.76559417136,258976.76559417136,-3586570.0200000005,3586570.0200000005,True
2022-06-05,2945501.79,3049385.144881826,2998952.42,-103883.35488182586,103883.35488182586,-53450.62999999989,53450.62999999989,False
2022-06-06,3100859.0,3387243.3992311303,2945501.79,-286384.39923113026,286384.39923113026,155357.20999999996,155357.20999999996,False
2022-06-07,3673238.8,3390071.3593787383,3100859.0,283167.4406212615,283167.4406212615,572379.7999999998,572379.7999999998,True
2022-06-08,3686799.9,3592446.649523907,3673238.8,94353.25047609303,94353.25047609303,13561.100000000093,13561.100000000093,False
2022-06-09,2619038.14,3969177.386669322,3686799.9,-1350139.2466693218,1350139.2466693218,-1067761.7599999998,1067761.7599999998,False
2022-06-10,3369544.01,3152067.7868538355,2619038.14,217476.22314616432,217476.22314616432,750505.8699999996,750505.8699999996,True
2022-06-11,4463584.56,3545357.8747524098,3369544.01,918226.6852475898,918226.6852475898,1094040.5499999998,1094040.5499999998,True
2022-06-12,4561669.81,3929864.203596344,4463584.56,631805.6064036554,631805.6064036554,98085.25,98085.25,False
2022-06-13,4221162.05,3818558.714994503,4561669.81,402603.3350054966,402603.3350054966,-340507.7599999998,340507.7599999998,False
2022-06-14,4843640.76,4010915.1564143416,4221162.05,832725.6035856581,832725.6035856581,622478.71,622478.71,False
2022-06-15,4969823.53,4441172.632986452,4843640.76,528650.8970135478,528650.8970135478,126182.77000000048,126182.77000000048,False
2022-06-16,4143877.35,3866358.350450897,4969823.53,277518.99954910297,277518.99954910297,-825946.1800000002,825946.1800000002,True
2022-06-17,4914374.7,3289355.896694569,4143877.35,1625018.8033054313,1625018.8033054313,770497.3500000001,770497.3500000001,False
2022-06-18,4817780.87,4739618.203572582,4914374.7,78162.66642741766,78162.66642741766,-96593.83000000007,96593.83000000007,True
2022-06-19,3795086.21,4569950.697705338,4817780.87,-774864.4877053378,774864.4877053378,-1022694.6600000001,1022694.6600000001,True
2022-06-20,3323030.57,3974457.4920471963,3795086.21,-651426.9220471964,651426.9220471964,-472055.64000000013,472055.64000000013,False
2022-06-21,4271838.09,4212930.978480378,3323030.57,58907.111519621685,58907.111519621685,948807.52,948807.52,True
2022-06-22,5182306.11,4679245.168998886,4271838.09,503060.94100111444,503060.94100111444,910468.0200000005,910468.0200000005,True
2022-06-23,3276933.23,4770364.304662006,5182306.11,-1493431.074662006,1493431.074662006,-1905372.8800000004,1905372.8800000004,True
2022-06-24,4334289.08,4050481.5631233584,3276933.23,283807.51687664166,283807.51687664166,1057355.85,1057355.85,True
2022-06-25,3650772.37,4529726.284402364,4334289.08,-878953.9144023638,878953.9144023638,-683516.71,683516.71,False
2022-06-26,3313898.55,3880845.2282042694,3650772.37,-566946.6782042696,566946.6782042696,-336873.8200000003,336873.8200000003,False
2022-06-27,3481464.68,3541450.6494108015,3313898.55,-59985.96941080131,59985.96941080131,167566.13000000035,167566.13000000035,True
2022-06-28,5799352.35,5038790.380491203,3481464.68,760561.9695087969,760561.9695087969,2317887.6699999995,2317887.6699999995,True
2022-06-29,7265484.49,5930729.4703821065,5799352.35,1334755.0196178937,1334755.0196178937,1466132.1400000006,1466132.1400000006,True
2022-06-30,5503799.91,5785159.609436487,7265484.49,-281359.6994364867,281359.6994364867,-1761684.58,1761684.58,True
2022-07-01,5150082.22,5056397.797134775,5503799.91,93684.422865225,93684.422865225,-353717.6900000004,353717.6900000004,True
2022-07-02,4591824.74,3182234.290144342,5150082.22,1409590.4498556582,1409590.4498556582,-558257.4799999995,558257.4799999995,False
2022-07-03,3487232.0,2748248.8509595133,4591824.74,738983.1490404867,738983.1490404867,-1104592.7400000002,1104592.7400000002,True
2022-07-04,1208545.64,2004153.4135978061,3487232.0,-795607.7735978062,795607.7735978062,-2278686.3600000003,2278686.3600000003,True
2022-07-05,1079245.09,1812306.085988202,1208545.64,-733060.9959882018,733060.9959882018,-129300.54999999981,129300.54999999981,False
2022-07-06,2003115.26,1899054.079160813,1079245.09,104061.180839187,104061.180839187,923870.1699999999,923870.1699999999,True
2022-07-07,2178171.4,2079865.4887042681,2003115.26,98305.91129573178,98305.91129573178,175056.1399999999,175056.1399999999,True
2022-07-08,1881078.1,2162661.178114423,2178171.4,-281583.07811442297,281583.07811442297,-297093.2999999998,297093.2999999998,True
2022-07-09,1988747.3,2425952.7846987867,1881078.1,-437205.48469878663,437205.48469878663,107669.19999999995,107669.19999999995,False
2022-07-10,2250020.87,2129974.504154656,1988747.3,120046.36584534403,120046.36584534403,261273.57000000007,261273.57000000007,True
2022-07-11,3085208.06,2090188.9703420044,2250020.87,995019.0896579956,995019.0896579956,835187.19,835187.19,False
2022-07-12,3275001.85,2327567.3829295835,3085208.06,947434.4670704165,947434.4670704165,189793.79000000004,189793.79000000004,False
2022-07-13,3331997.68,2917780.9134457186,3275001.85,414216.7665542816,414216.7665542816,56995.830000000075,56995.830000000075,False
2022-07-14,3428606.64,3257784.0655757366,3331997.68,170822.57442426356,170822.57442426356,96608.95999999996,96608.95999999996,False
2022-07-15,3272104.3,2920268.325236404,3428606.64,351835.97476359596,351835.97476359596,-156502.34000000032,156502.34000000032,False
2022-07-16,3060600.17,2912906.8488186654,3272104.3,147693.32118133456,147693.32118133456,-211504.1299999999,211504.1299999999,True
2022-07-17,3238870.01,2804138.072986701,3060600.17,434731.93701329874,434731.93701329874,178269.83999999985,178269.83999999985,False
2022-07-18,3305333.1,3175059.968657914,3238870.01,130273.13134208601,130273.13134208601,66463.09000000032,66463.09000000032,False
2022-07-19,3101945.44,3439814.074677784,3305333.1,-337868.63467778405,337868.63467778405,-203387.66000000015,203387.66000000015,False
2022-07-20,3436240.82,3249131.8242134624,3101945.44,187108.99578653742,187108.99578653742,334295.3799999999,334295.3799999999,True
2022-07-21,3596036.01,3443606.356986756,3436240.82,152429.6530132438,152429.6530132438,159795.18999999994,159795.18999999994,True
2022-07-22,2771453.13,3734695.3989498494,3596036.01,-963242.2689498495,963242.2689498495,-824582.8799999999,824582.8799999999,False
2022-07-23,4190232.53,3049739.28258176,2771453.13,1140493.2474182397,1140493.2474182397,1418779.4,1418779.4,True
2022-07-24,3833852.9,3542599.9422575613,4190232.53,291252.95774243865,291252.95774243865,-356379.6299999999,356379.6299999999,True
2022-07-25,2614143.21,3987816.9189942824,3833852.9,-1373673.7089942824,1373673.7089942824,-1219709.69,1219709.69,False
2022-07-26,3176075.37,3012398.0980833485,2614143.21,163677.27191665163,163677.27191665163,561932.1600000001,561932.1600000001,True
2022-07-27,4214912.76,3811490.4471316235,3176075.37,403422.31286837626,403422.31286837626,1038837.3899999997,1038837.3899999997,True
2022-07-28,4859620.98,5176840.551665333,4214912.76,-317219.57166533265,317219.57166533265,644708.2200000007,644708.2200000007,True
2022-07-29,3226100.81,4090894.281240979,4859620.98,-864793.4712409792,864793.4712409792,-1633520.1700000004,1633520.1700000004,True
2022-07-30,2682461.47,4838409.714474623,3226100.81,-2155948.244474623,2155948.244474623,-543639.3399999999,543639.3399999999,False
2022-07-31,4622917.86,3416949.438928679,2682461.47,1205968.4210713212,1205968.4210713212,1940456.3900000001,1940456.3900000001,True
2022-08-01,4081818.17,3554407.5873342,4622917.86,527410.5826658001,527410.5826658001,-541099.6900000004,541099.6900000004,True
2022-08-02,4490226.96,2884168.808137175,4081818.17,1606058.1518628248,1606058.1518628248,408408.79000000004,408408.79000000004,False
2022-08-03,5085558.26,3142348.212174355,4490226.96,1943210.0478256447,1943210.0478256447,595331.2999999998,595331.2999999998,False
2022-08-04,4345026.44,3284316.15899713,5085558.26,1060710.2810028703,1060710.2810028703,-740531.8199999994,740531.8199999994,False
2022-08-05,2114789.45,3064820.8227520753,4345026.44,-950031.3727520751,950031.3727520751,-2230236.99,2230236.99,True
2022-08-06,2325289.52,2334779.7461172263,2114789.45,-9490.226117226295,9490.226117226295,210500.06999999983,210500.06999999983,True
2022-08-07,2331541.43,2129870.520882265,2325289.52,201670.909117735,201670.909117735,6251.910000000149,6251.910000000149,False
2022-08-08,3054473.91,2650671.1750778276,2331541.43,403802.7349221725,403802.7349221725,722932.48,722932.48,True
2022-08-09,2488386.71,3174066.7520848704,3054473.91,-685680.0420848704,685680.0420848704,-566087.2000000002,566087.2000000002,False
2022-08-10,2963483.62,2954932.187558369,2488386.71,8551.432441631332,8551.432441631332,475096.91000000015,475096.91000000015,True
2022-08-11,3674343.1,3505223.59778637,2963483.62,169119.5022136299,169119.5022136299,710859.48,710859.48,True
2022-08-12,2787707.25,3115430.7078025527,3674343.1,-327723.45780255273,327723.45780255273,-886635.8500000001,886635.8500000001,True
2022-08-13,1789226.45,3223324.5616416493,2787707.25,-1434098.1116416494,1434098.1116416494,-998480.8,998480.8,False
2022-08-14,2557373.24,2647706.007239435,1789226.45,-90332.76723943464,90332.76723943464,768146.7900000003,768146.7900000003,True
2022-08-15,3869248.63,3237606.997312857,2557373.24,631641.632687143,631641.632687143,1311875.3899999997,1311875.3899999997,True
2022-08-16,3139997.28,3269681.474870762,3869248.63,-129684.19487076206,129684.19487076206,-729251.3500000001,729251.3500000001,True
2022-08-17,3480892.06,3288669.7720031473,3139997.28,192222.28799685277,192222.28799685277,340894.78000000026,340894.78000000026,True
2022-08-18,4171974.77,3388302.3722955533,3480892.06,783672.3977044467,783672.3977044467,691082.71,691082.71,False
2022-08-19,2011108.63,3182506.580855578,4171974.77,-1171397.9508555783,1171397.9508555783,-2160866.14,2160866.14,True
2022-08-20,2479005.37,2632385.1140501145,2011108.63,-153379.74405011442,153379.74405011442,467896.7400000002,467896.7400000002,True
2022-08-21,2235990.02,2706550.4184095655,2479005.37,-470560.39840956545,470560.39840956545,-243015.3500000001,243015.3500000001,False
2022-08-22,3743695.22,2815836.7149960157,2235990.02,927858.5050039846,927858.5050039846,1507705.2000000002,1507705.2000000002,True
2022-08-23,2422220.1,3426959.8373352936,3743695.22,-1004739.7373352936,1004739.7373352936,-1321475.12,1321475.12,True
2022-08-24,3292983.26,3236229.270151925,2422220.1,56753.98984807497,56753.98984807497,870763.1599999997,870763.1599999997,True
2022-08-25,3512475.16,3900423.687125644,3292983.26,-387948.52712564403,387948.52712564403,219491.90000000037,219491.90000000037,False
2022-08-26,3544046.7,2910084.997157477,3512475.16,633961.7028425233,633961.7028425233,31571.540000000037,31571.540000000037,False
2022-08-27,2367664.33,3188263.8245050926,3544046.7,-820599.4945050925,820599.4945050925,-1176382.37,1176382.37,True
2022-08-28,7051722.27,3092936.4067792976,2367664.33,3958785.863220702,3958785.863220702,4684057.9399999995,4684057.9399999995,True
2022-08-29,7928796.83,5764139.425961444,7051722.27,2164657.404038556,2164657.404038556,877074.5600000005,877074.5600000005,False
2022-08-30,6574345.89,7422601.112767592,7928796.83,-848255.2227675924,848255.2227675924,-1354450.9400000004,1354450.9400000004,True
2022-08-31,7627532.44,5686235.821414981,6574345.89,1941296.6185850194,1941296.6185850194,1053186.5500000007,1053186.5500000007,False
2022-09-01,6284732.49,6297312.016460088,7627532.44,-12579.526460087858,12579.526460087858,-1342799.9500000002,1342799.9500000002,True
2022-09-02,1902817.9,3388049.004933427,6284732.49,-1485231.1049334272,1485231.1049334272,-4381914.59,4381914.59,True
2022-09-03,1443083.36,1407253.049834649,1902817.9,35830.310165351024,35830.310165351024,-459734.5399999998,459734.5399999998,True
2022-09-04,1814811.35,1616665.272924756,1443083.36,198146.07707524416,198146.07707524416,371727.99,371727.99,True
2022-09-05,2214621.47,2078187.952141184,1814811.35,136433.5178588163,136433.5178588163,399810.1200000001,399810.1200000001,True
2022-09-06,1440405.44,2453988.377648301,2214621.47,-1013582.937648301,1013582.937648301,-774216.0300000003,774216.0300000003,False
2022-09-07,1890879.55,2196390.3249702184,1440405.44,-305510.7749702183,305510.7749702183,450474.1100000001,450474.1100000001,True
2022-09-08,3137260.99,2552900.619204327,1890879.55,584360.3707956732,584360.3707956732,1246381.4400000002,1246381.4400000002,True
2022-09-09,1905843.43,2540121.720206204,3137260.99,-634278.2902062039,634278.2902062039,-1231417.5600000003,1231417.5600000003,True
2022-09-10,3003150.84,2118430.7482956485,1905843.43,884720.0917043514,884720.0917043514,1097307.41,1097307.41,True
2022-09-11,3574194.77,2502560.480441244,3003150.84,1071634.2895587562,1071634.2895587562,571043.9300000002,571043.9300000002,False
2022-09-12,3415849.51,3040291.7552674934,3574194.77,375557.75473250635,375557.75473250635,-158345.26000000024,158345.26000000024,False
2022-09-13,2521208.91,3031230.6209364897,3415849.51,-510021.7109364895,510021.7109364895,-894640.5999999996,894640.5999999996,True
2022-09-14,2125189.04,2657851.731905271,2521208.91,-532662.6919052708,532662.6919052708,-396019.8700000001,396019.8700000001,False
2022-09-15,3154006.65,2743380.1749891173,2125189.04,410626.4750108826,410626.4750108826,1028817.6099999999,1028817.6099999999,True
2022-09-16,2557894.76,2503277.7941248054,3154006.65,54616.96587519441,54616.96587519441,-596111.8900000001,596111.8900000001,True
2022-09-17,1810510.0,2749411.440399925,2557894.76,-938901.4403999252,938901.4403999252,-747384.7599999998,747384.7599999998,False
2022-09-18,2355578.71,2316248.6446839627,1810510.0,39330.065316037275,39330.065316037275,545068.71,545068.71,True
2022-09-19,2832515.44,2938285.414113853,2355578.71,-105769.97411385318,105769.97411385318,476936.73,476936.73,True
2022-09-20,1813002.77,2903914.6090199477,2832515.44,-1090911.8390199477,1090911.8390199477,-1019512.6699999999,1019512.6699999999,False
2022-09-21,2262085.02,2367173.8819545023,1813002.77,-105088.8619545023,105088.8619545023,449082.25,449082.25,True
2022-09-22,3106149.95,2756857.57777355,2262085.02,349292.3722264501,349292.3722264501,844064.9300000002,844064.9300000002,True
2022-09-23,2634119.24,2821186.4002850708,3106149.95,-187067.16028507054,187067.16028507054,-472030.70999999996,472030.70999999996,True
2022-09-24,2896411.14,2451810.3473499734,2634119.24,444600.79265002673,444600.79265002673,262291.8999999999,262291.8999999999,False
2022-09-25,3041369.47,3066436.1701485994,2896411.14,-25066.700148599222,25066.700148599222,144958.33000000007,144958.33000000007,True
2022-09-26,5205389.57,3160829.034078845,3041369.47,2044560.5359211555,2044560.5359211555,2164020.1,2164020.1,True
2022-09-27,4259834.95,4438156.773524739,5205389.57,-178321.82352473866,178321.82352473866,-945554.6200000001,945554.6200000001,True
2022-09-28,4257301.76,3970942.3899572454,4259834.95,286359.37004275434,286359.37004275434,-2533.19000000041,2533.19000000041,False
2022-09-29,4352754.23,4667117.916559072,4257301.76,-314363.68655907176,314363.68655907176,95452.47000000067,95452.47000000067,False
2022-09-30,2551313.88,3672184.9481083057,4352754.23,-1120871.0681083058,1120871.0681083058,-1801440.3500000006,1801440.3500000006,True
2022-10-01,1469771.93,1987871.4317286743,2551313.88,-518099.5017286744,518099.5017286744,-1081541.95,1081541.95,True
2022-10-02,1289798.82,1328451.1673871737,1469771.93,-38652.34738717368,38652.34738717368,-179973.10999999987,179973.10999999987,True
2022-10-03,2179072.88,1529889.4140602527,1289798.82,649183.4659397472,649183.4659397472,889274.0599999998,889274.0599999998,True
2022-10-04,2751920.12,1924312.7026650677,2179072.88,827607.4173349324,827607.4173349324,572847.2400000002,572847.2400000002,False
2022-10-05,1527341.84,2398812.5438274806,2751920.12,-871470.7038274806,871470.7038274806,-1224578.28,1224578.28,True
2022-10-06,2026518.43,2060559.8893215598,1527341.84,-34041.45932155987,34041.45932155987,499176.58999999985,499176.58999999985,True
2022-10-07,1406363.3,1919713.1094216586,2026518.43,-513349.8094216585,513349.8094216585,-620155.1299999999,620155.1299999999,True
2022-10-08,2137543.63,1827946.5442784193,1406363.3,309597.08572158054,309597.08572158054,731180.3299999998,731180.3299999998,True
2022-10-09,1805775.79,2271787.265748953,2137543.63,-466011.47574895294,466011.47574895294,-331767.83999999985,331767.83999999985,False
2022-10-10,2356440.12,2125770.3408988435,1805775.79,230669.77910115663,230669.77910115663,550664.3300000001,550664.3300000001,True
2022-10-11,2270162.6,2574282.4040682865,2356440.12,-304119.80406828644,304119.80406828644,-86277.52000000002,86277.52000000002,False
2022-10-12,1976207.14,2281630.5304387272,2270162.6,-305423.39043872734,305423.39043872734,-293955.4600000002,293955.4600000002,False
2022-10-13,2430819.33,2362499.1300154277,1976207.14,68320.19998457236,68320.19998457236,454612.1900000002,454612.1900000002,True
2022-10-14,1927818.67,2265326.104803348,2430819.33,-337507.43480334803,337507.43480334803,-503000.66000000015,503000.66000000015,True
2022-10-15,1986495.19,2147644.9791646,1927818.67,-161149.78916459996,161149.78916459996,58676.52000000002,58676.52000000002,False
2022-10-16,1897952.11,2128638.988239893,1986495.19,-230686.87823989312,230686.87823989312,-88543.07999999984,88543.07999999984,False
2022-10-17,2507328.8,2363638.2736232784,1897952.11,143690.52637672145,143690.52637672145,609376.6899999997,609376.6899999997,True
2022-10-18,3170696.65,2207301.6905562486,2507328.8,963394.9594437513,963394.9594437513,663367.8500000001,663367.8500000001,False
2022-10-19,2324314.45,2280891.347637969,3170696.65,43423.10236203112,43423.10236203112,-846382.1999999997,846382.1999999997,True
2022-10-20,2591151.06,2758209.715169179,2324314.45,-167058.65516917873,167058.65516917873,266836.60999999987,266836.60999999987,True
2022-10-21,2662328.56,2311002.3931954917,2591151.06,351326.1668045083,351326.1668045083,71177.5,71177.5,False
2022-10-22,2407124.47,2363151.3838999067,2662328.56,43973.086100093555,43973.086100093555,-255204.08999999985,255204.08999999985,True
2022-10-23,1971627.46,2417443.9434441975,2407124.47,-445816.48344419757,445816.48344419757,-435497.01000000024,435497.01000000024,False
2022-10-24,2678456.17,2654739.873193167,1971627.46,23716.296806832775,23716.296806832775,706828.71,706828.71,True
2022-10-25,3003375.87,2945319.2368593374,2678456.17,58056.633140662685,58056.633140662685,324919.7000000002,324919.7000000002,True
2022-10-26,2345490.55,2946629.715741055,3003375.87,-601139.1657410553,601139.1657410553,-657885.3200000003,657885.3200000003,True
2022-10-27,2493935.72,2843288.2431373666,2345490.55,-349352.5231373664,349352.5231373664,148445.1700000004,148445.1700000004,False
2022-10-28,4210212.53,2939967.188882962,2493935.72,1270245.3411170384,1270245.3411170384,1716276.81,1716276.81,True
2022-10-29,3626939.26,3568009.571798152,4210212.53,58929.68820184795,58929.68820184795,-583273.2700000005,583273.2700000005,True
2022-10-30,3130677.4,3330135.90683842,3626939.26,-199458.50683841994,199458.50683841994,-496261.85999999987,496261.85999999987,True
2022-10-31,4630791.46,3213893.0007478157,3130677.4,1416898.4592521843,1416898.4592521843,1500114.06,1500114.06,True
2022-11-01,3025164.28,3593033.2356392615,4630791.46,-567868.9556392618,567868.9556392618,-1605627.1800000002,1605627.1800000002,True
2022-11-02,1338326.56,2092276.4984671106,3025164.28,-753949.9384671105,753949.9384671105,-1686837.7199999997,1686837.7199999997,True
2022-11-03,1253721.23,1254780.4063900528,1338326.56,-1059.176390052773,1059.176390052773,-84605.33000000007,84605.33000000007,True
2022-11-04,1065066.0,1623309.0112815013,1253721.23,-558243.0112815013,558243.0112815013,-188655.22999999998,188655.22999999998,False
2022-11-05,1826120.07,1591072.6731027884,1065066.0,235047.39689721167,235047.39689721167,761054.0700000001,761054.0700000001,True
2022-11-06,2207719.98,1536500.1737048905,1826120.07,671219.8062951094,671219.8062951094,381599.9099999999,381599.9099999999,False
2022-11-07,1655852.99,1911321.6417974497,2207719.98,-255468.65179744968,255468.65179744968,-551866.99,551866.99,True
2022-11-08,1781413.12,1675972.80970879,1655852.99,105440.31029121019,105440.31029121019,125560.13000000012,125560.13000000012,True
2022-11-09,845358.47,1795847.2056232465,1781413.12,-950488.7356232465,950488.7356232465,-936054.6500000001,936054.6500000001,False
2022-11-10,2079598.87,1636785.5941102197,845358.47,442813.2758897804,442813.2758897804,1234240.4000000001,1234240.4000000001,True
2022-11-11,1581745.15,1759396.9730200844,2079598.87,-177651.82302008453,177651.82302008453,-497853.7200000002,497853.7200000002,True
2022-11-12,1354235.95,1710081.595390084,1581745.15,-355845.645390084,355845.645390084,-227509.19999999995,227509.19999999995,False
2022-11-13,2903552.41,1658124.0028344772,1354235.95,1245428.407165523,1245428.407165523,1549316.4600000002,1549316.4600000002,True
2022-11-14,1656739.7,2408214.9104992505,2903552.41,-751475.2104992506,751475.2104992506,-1246812.7100000002,1246812.7100000002,True
2022-11-15,1547150.37,1888234.454378397,1656739.7,-341084.08437839686,341084.08437839686,-109589.32999999984,109589.32999999984,False
2022-11-16,1436853.58,1434076.6094592973,1547150.37,2776.9705407028086,2776.9705407028086,-110296.79000000004,110296.79000000004,True
2022-11-17,1542318.91,1748837.1612756487,1436853.58,-206518.25127564883,206518.25127564883,105465.32999999984,105465.32999999984,False
2022-11-18,2067584.69,1558661.1660614805,1542318.91,508923.5239385194,508923.5239385194,525265.78,525265.78,True
2022-11-19,1496563.56,1835885.1703885188,2067584.69,-339321.6103885188,339321.6103885188,-571021.1299999999,571021.1299999999,True
2022-11-20,1857748.24,1673352.3527574688,1496563.56,184395.88724253117,184395.88724253117,361184.67999999993,361184.67999999993,True
2022-11-21,1349907.06,1781174.5844113997,1857748.24,-431267.5244113996,431267.5244113996,-507841.17999999993,507841.17999999993,True
2022-11-22,853188.02,1589150.5065708265,1349907.06,-735962.4865708265,735962.4865708265,-496719.04000000004,496719.04000000004,False
2022-11-23,1060969.69,1430640.5555188584,853188.02,-369670.8655188584,369670.8655188584,207781.66999999993,207781.66999999993,False
2022-11-24,1729664.2,1412415.6226041592,1060969.69,317248.5773958408,317248.5773958408,668694.51,668694.51,True
2022-11-25,1527923.9,1773831.9547328416,1729664.2,-245908.05473284167,245908.05473284167,-201740.30000000005,201740.30000000005,False
2022-11-26,2035639.78,1545200.956928855,1527923.9,490438.823071145,490438.823071145,507715.8800000001,507715.8800000001,True
2022-11-27,3138619.13,2063286.689387391,2035639.78,1075332.4406126088,1075332.4406126088,1102979.3499999999,1102979.3499999999,True
2022-11-28,2104917.42,2978233.647942848,3138619.13,-873316.2279428481,873316.2279428481,-1033701.71,1033701.71,True
2022-11-29,2558728.79,2080404.4943377897,2104917.42,478324.2956622103,478324.2956622103,453811.3700000001,453811.3700000001,False
2022-11-30,1317689.52,1999284.7966885522,2558728.79,-681595.2766885522,681595.2766885522,-1241039.27,1241039.27,True
2022-12-01,1668445.9,1162163.223686446,1317689.52,506282.67631355394,506282.67631355394,350756.3799999999,350756.3799999999,False
2022-12-02,720381.04,1155634.9151261628,1668445.9,-435253.8751261628,435253.8751261628,-948064.8599999999,948064.8599999999,True
2022-12-03,753704.17,920752.9540266568,720381.04,-167048.78402665677,167048.78402665677,33323.130000000005,33323.130000000005,False
2022-12-04,664409.51,868009.3235959954,753704.17,-203599.81359599542,203599.81359599542,-89294.66000000003,89294.66000000003,False
2022-12-05,1607335.1,928150.8263741423,664409.51,679184.2736258578,679184.2736258578,942925.5900000001,942925.5900000001,True
2022-12-06,1436188.44,1070878.713959885,1607335.1,365309.7260401149,365309.7260401149,-171146.66000000015,171146.66000000015,False
2022-12-07,760218.13,1047246.5084812013,1436188.44,-287028.37848120125,287028.37848120125,-675970.3099999999,675970.3099999999,True
2022-12-08,818209.67,883931.8164531048,760218.13,-65722.1464531048,65722.1464531048,57991.54000000004,57991.54000000004,False
2022-12-09,1323267.85,1184311.0522612727,818209.67,138956.79773872741,138956.79773872741,505058.18000000005,505058.18000000005,True
2022-12-10,1598936.84,1137412.6037157516,1323267.85,461524.23628424853,461524.23628424853,275668.99,275668.99,False
2022-12-11,1420910.74,1281011.6226151746,1598936.84,139899.11738482537,139899.11738482537,-178026.1000000001,178026.1000000001,True
2022-12-12,1983085.06,1561880.194854015,1420910.74,421204.86514598504,421204.86514598504,562174.3200000001,562174.3200000001,True
2022-12-13,1652309.19,1655380.0376254972,1983085.06,-3070.847625497263,3070.847625497263,-330775.8700000001,330775.8700000001,True
2022-12-14,1662243.59,1418464.268081148,1652309.19,243779.32191885216,243779.32191885216,9934.40000000014,9934.40000000014,False
2022-12-15,1494318.64,1386822.4357375856,1662243.59,107496.20426241425,107496.20426241425,-167924.9500000002,167924.9500000002,True
2022-12-16,1482192.97,1605487.1650210747,1494318.64,-123294.19502107473,123294.19502107473,-12125.669999999925,12125.669999999925,False
2022-12-17,1302193.74,1776872.986939949,1482192.97,-474679.246939949,474679.246939949,-179999.22999999998,179999.22999999998,False
2022-12-18,2201374.59,1490239.398407725,1302193.74,711135.1915922749,711135.1915922749,899180.8499999999,899180.8499999999,True
2022-12-19,2250767.39,2055147.7436017192,2201374.59,195619.64639828098,195619.64639828098,49392.80000000028,49392.80000000028,False
2022-12-20,2026810.08,1662223.6193906448,2250767.39,364586.46060935524,364586.46060935524,-223957.31000000006,223957.31000000006,False
2022-12-21,1795395.02,2146787.413082194,2026810.08,-351392.39308219403,351392.39308219403,-231415.06000000006,231415.06000000006,False
2022-12-22,1791622.46,1683158.4372754847,1795395.02,108464.0227245153,108464.0227245153,-3772.560000000056,3772.560000000056,False
2022-12-23,1501209.11,1753460.3398812702,1791622.46,-252251.2298812701,252251.2298812701,-290413.34999999986,290413.34999999986,True
2022-12-24,1390870.89,1555861.4262477718,1501209.11,-164990.53624777193,164990.53624777193,-110338.2200000002,110338.2200000002,False
2022-12-25,1136772.53,1720315.2940821252,1390870.89,-583542.7640821252,583542.7640821252,-254098.35999999987,254098.35999999987,False
2022-12-26,2110830.12,1595798.3930551119,1136772.53,515031.72694488824,515031.72694488824,974057.5900000001,974057.5900000001,True
2022-12-27,2100553.66,2548712.5476335213,2110830.12,-448158.8876335211,448158.8876335211,-10276.459999999963,10276.459999999963,False
2022-12-28,3448729.2,2974215.3809318496,2100553.66,474513.8190681506,474513.8190681506,1348175.54,1348175.54,True
2022-12-29,3083944.33,2976139.2672943273,3448729.2,107805.06270567281,107805.06270567281,-364784.8700000001,364784.8700000001,True
2022-12-30,2884668.76,2610373.3300339575,3083944.33,274295.4299660423,274295.4299660423,-199275.5700000003,199275.5700000003,False
2022-12-31,2383037.48,2643139.1845974196,2884668.76,-260101.7045974196,260101.7045974196,-501631.2799999998,501631.2799999998,True
